path,filename,label,label_name
data/raw/real\real_00543.jpg,real_00543.jpg,1,real
data/raw/real\real_00045.jpg,real_00045.jpg,1,real
data/raw/real\real_00108.jpg,real_00108.jpg,1,real
data/raw/real\real_00887.jpg,real_00887.jpg,1,real
data/raw/fake\mid_220_0011.jpg,mid_220_0011.jpg,0,fake
data/raw/real\real_00490.jpg,real_00490.jpg,1,real
data/raw/real\real_00493.jpg,real_00493.jpg,1,real
data/raw/real\real_00378.jpg,real_00378.jpg,1,real
data/raw/fake\mid_167_1100.jpg,mid_167_1100.jpg,0,fake
data/raw/real\real_00486.jpg,real_00486.jpg,1,real
data/raw/fake\mid_410_1111.jpg,mid_410_1111.jpg,0,fake
data/raw/fake\easy_124_1110.jpg,easy_124_1110.jpg,0,fake
data/raw/fake\mid_448_0011.jpg,mid_448_0011.jpg,0,fake
data/raw/real\real_01026.jpg,real_01026.jpg,1,real
data/raw/fake\easy_189_1101.jpg,easy_189_1101.jpg,0,fake
data/raw/fake\easy_201_0001.jpg,easy_201_0001.jpg,0,fake
data/raw/real\real_00289.jpg,real_00289.jpg,1,real
data/raw/fake\hard_116_1101.jpg,hard_116_1101.jpg,0,fake
data/raw/real\real_01020.jpg,real_01020.jpg,1,real
data/raw/real\real_00409.jpg,real_00409.jpg,1,real
data/raw/fake\mid_251_1111.jpg,mid_251_1111.jpg,0,fake
data/raw/fake\easy_19_0111.jpg,easy_19_0111.jpg,0,fake
data/raw/real\real_00398.jpg,real_00398.jpg,1,real
data/raw/fake\mid_375_1110.jpg,mid_375_1110.jpg,0,fake
data/raw/fake\hard_203_0010.jpg,hard_203_0010.jpg,0,fake
data/raw/fake\mid_330_1111.jpg,mid_330_1111.jpg,0,fake
data/raw/fake\mid_113_1100.jpg,mid_113_1100.jpg,0,fake
data/raw/real\real_00779.jpg,real_00779.jpg,1,real
data/raw/fake\mid_24_1111.jpg,mid_24_1111.jpg,0,fake
data/raw/real\real_00593.jpg,real_00593.jpg,1,real
data/raw/real\real_00879.jpg,real_00879.jpg,1,real
data/raw/fake\mid_468_1110.jpg,mid_468_1110.jpg,0,fake
data/raw/fake\mid_363_1101.jpg,mid_363_1101.jpg,0,fake
data/raw/real\real_01064.jpg,real_01064.jpg,1,real
data/raw/fake\mid_257_1111.jpg,mid_257_1111.jpg,0,fake
data/raw/real\real_00225.jpg,real_00225.jpg,1,real
data/raw/fake\hard_43_1111.jpg,hard_43_1111.jpg,0,fake
data/raw/fake\mid_235_1100.jpg,mid_235_1100.jpg,0,fake
data/raw/real\real_00369.jpg,real_00369.jpg,1,real
data/raw/real\real_00845.jpg,real_00845.jpg,1,real
data/raw/real\real_00076.jpg,real_00076.jpg,1,real
data/raw/real\real_00530.jpg,real_00530.jpg,1,real
data/raw/real\real_00786.jpg,real_00786.jpg,1,real
data/raw/real\real_00619.jpg,real_00619.jpg,1,real
data/raw/fake\mid_234_0010.jpg,mid_234_0010.jpg,0,fake
data/raw/fake\hard_232_0001.jpg,hard_232_0001.jpg,0,fake
data/raw/fake\mid_419_0011.jpg,mid_419_0011.jpg,0,fake
data/raw/real\real_00578.jpg,real_00578.jpg,1,real
data/raw/real\real_00174.jpg,real_00174.jpg,1,real
data/raw/fake\mid_238_1111.jpg,mid_238_1111.jpg,0,fake
data/raw/real\real_00559.jpg,real_00559.jpg,1,real
data/raw/real\real_00177.jpg,real_00177.jpg,1,real
data/raw/fake\mid_68_1111.jpg,mid_68_1111.jpg,0,fake
data/raw/real\real_00136.jpg,real_00136.jpg,1,real
data/raw/fake\easy_215_1111.jpg,easy_215_1111.jpg,0,fake
data/raw/real\real_01004.jpg,real_01004.jpg,1,real
data/raw/fake\mid_478_1101.jpg,mid_478_1101.jpg,0,fake
data/raw/real\real_00755.jpg,real_00755.jpg,1,real
data/raw/real\real_00609.jpg,real_00609.jpg,1,real
data/raw/fake\easy_82_0001.jpg,easy_82_0001.jpg,0,fake
data/raw/fake\easy_21_0011.jpg,easy_21_0011.jpg,0,fake
data/raw/real\real_00284.jpg,real_00284.jpg,1,real
data/raw/fake\mid_246_0011.jpg,mid_246_0011.jpg,0,fake
data/raw/real\real_00844.jpg,real_00844.jpg,1,real
data/raw/fake\mid_11_1100.jpg,mid_11_1100.jpg,0,fake
data/raw/fake\mid_23_1111.jpg,mid_23_1111.jpg,0,fake
data/raw/fake\mid_157_1111.jpg,mid_157_1111.jpg,0,fake
data/raw/real\real_00843.jpg,real_00843.jpg,1,real
data/raw/real\real_00116.jpg,real_00116.jpg,1,real
data/raw/fake\mid_409_1101.jpg,mid_409_1101.jpg,0,fake
data/raw/real\real_00457.jpg,real_00457.jpg,1,real
data/raw/fake\hard_189_0011.jpg,hard_189_0011.jpg,0,fake
data/raw/fake\easy_188_1111.jpg,easy_188_1111.jpg,0,fake
data/raw/real\real_00542.jpg,real_00542.jpg,1,real
data/raw/real\real_00912.jpg,real_00912.jpg,1,real
data/raw/real\real_00166.jpg,real_00166.jpg,1,real
data/raw/fake\mid_421_0011.jpg,mid_421_0011.jpg,0,fake
data/raw/real\real_01057.jpg,real_01057.jpg,1,real
data/raw/real\real_00152.jpg,real_00152.jpg,1,real
data/raw/real\real_00508.jpg,real_00508.jpg,1,real
data/raw/fake\hard_170_0111.jpg,hard_170_0111.jpg,0,fake
data/raw/real\real_00556.jpg,real_00556.jpg,1,real
data/raw/real\real_00241.jpg,real_00241.jpg,1,real
data/raw/fake\mid_31_1111.jpg,mid_31_1111.jpg,0,fake
data/raw/fake\hard_90_1100.jpg,hard_90_1100.jpg,0,fake
data/raw/fake\mid_372_0011.jpg,mid_372_0011.jpg,0,fake
data/raw/fake\hard_27_1111.jpg,hard_27_1111.jpg,0,fake
data/raw/real\real_00050.jpg,real_00050.jpg,1,real
data/raw/real\real_00884.jpg,real_00884.jpg,1,real
data/raw/real\real_00920.jpg,real_00920.jpg,1,real
data/raw/fake\mid_241_1111.jpg,mid_241_1111.jpg,0,fake
data/raw/fake\easy_81_1111.jpg,easy_81_1111.jpg,0,fake
data/raw/real\real_00382.jpg,real_00382.jpg,1,real
data/raw/real\real_01053.jpg,real_01053.jpg,1,real
data/raw/fake\hard_120_0011.jpg,hard_120_0011.jpg,0,fake
data/raw/real\real_00836.jpg,real_00836.jpg,1,real
data/raw/real\real_00301.jpg,real_00301.jpg,1,real
data/raw/real\real_01021.jpg,real_01021.jpg,1,real
data/raw/real\real_00980.jpg,real_00980.jpg,1,real
data/raw/fake\mid_242_1111.jpg,mid_242_1111.jpg,0,fake
data/raw/real\real_00818.jpg,real_00818.jpg,1,real
data/raw/real\real_00279.jpg,real_00279.jpg,1,real
data/raw/real\real_00379.jpg,real_00379.jpg,1,real
data/raw/fake\mid_265_1111.jpg,mid_265_1111.jpg,0,fake
data/raw/real\real_00601.jpg,real_00601.jpg,1,real
data/raw/real\real_00018.jpg,real_00018.jpg,1,real
data/raw/fake\easy_165_1010.jpg,easy_165_1010.jpg,0,fake
data/raw/fake\mid_467_1111.jpg,mid_467_1111.jpg,0,fake
data/raw/fake\easy_91_1000.jpg,easy_91_1000.jpg,0,fake
data/raw/real\real_00296.jpg,real_00296.jpg,1,real
data/raw/fake\easy_210_1011.jpg,easy_210_1011.jpg,0,fake
data/raw/fake\mid_67_1111.jpg,mid_67_1111.jpg,0,fake
data/raw/real\real_00539.jpg,real_00539.jpg,1,real
data/raw/fake\hard_129_1111.jpg,hard_129_1111.jpg,0,fake
data/raw/real\real_01054.jpg,real_01054.jpg,1,real
data/raw/fake\easy_167_0110.jpg,easy_167_0110.jpg,0,fake
data/raw/real\real_00100.jpg,real_00100.jpg,1,real
data/raw/fake\easy_118_1111.jpg,easy_118_1111.jpg,0,fake
data/raw/fake\easy_66_1101.jpg,easy_66_1101.jpg,0,fake
data/raw/real\real_00441.jpg,real_00441.jpg,1,real
data/raw/fake\easy_96_0011.jpg,easy_96_0011.jpg,0,fake
data/raw/fake\mid_294_1110.jpg,mid_294_1110.jpg,0,fake
data/raw/fake\hard_163_0011.jpg,hard_163_0011.jpg,0,fake
data/raw/real\real_00349.jpg,real_00349.jpg,1,real
data/raw/real\real_00330.jpg,real_00330.jpg,1,real
data/raw/fake\mid_141_1110.jpg,mid_141_1110.jpg,0,fake
data/raw/fake\hard_226_0100.jpg,hard_226_0100.jpg,0,fake
data/raw/real\real_00389.jpg,real_00389.jpg,1,real
data/raw/fake\easy_180_0011.jpg,easy_180_0011.jpg,0,fake
data/raw/fake\mid_95_1100.jpg,mid_95_1100.jpg,0,fake
data/raw/real\real_00423.jpg,real_00423.jpg,1,real
data/raw/fake\easy_173_0111.jpg,easy_173_0111.jpg,0,fake
data/raw/real\real_00261.jpg,real_00261.jpg,1,real
data/raw/fake\hard_34_1111.jpg,hard_34_1111.jpg,0,fake
data/raw/real\real_00629.jpg,real_00629.jpg,1,real
data/raw/real\real_00024.jpg,real_00024.jpg,1,real
data/raw/fake\hard_130_1111.jpg,hard_130_1111.jpg,0,fake
data/raw/fake\easy_95_0101.jpg,easy_95_0101.jpg,0,fake
data/raw/fake\mid_175_1111.jpg,mid_175_1111.jpg,0,fake
data/raw/real\real_00113.jpg,real_00113.jpg,1,real
data/raw/real\real_00402.jpg,real_00402.jpg,1,real
data/raw/fake\hard_17_1010.jpg,hard_17_1010.jpg,0,fake
data/raw/fake\mid_48_1111.jpg,mid_48_1111.jpg,0,fake
data/raw/fake\easy_102_0101.jpg,easy_102_0101.jpg,0,fake
data/raw/fake\hard_9_1111.jpg,hard_9_1111.jpg,0,fake
data/raw/real\real_01051.jpg,real_01051.jpg,1,real
data/raw/fake\easy_192_1000.jpg,easy_192_1000.jpg,0,fake
data/raw/fake\easy_106_0011.jpg,easy_106_0011.jpg,0,fake
data/raw/real\real_00273.jpg,real_00273.jpg,1,real
data/raw/real\real_00051.jpg,real_00051.jpg,1,real
data/raw/fake\mid_70_1111.jpg,mid_70_1111.jpg,0,fake
data/raw/fake\mid_426_1111.jpg,mid_426_1111.jpg,0,fake
data/raw/real\real_00646.jpg,real_00646.jpg,1,real
data/raw/real\real_00512.jpg,real_00512.jpg,1,real
data/raw/real\real_01060.jpg,real_01060.jpg,1,real
data/raw/fake\easy_32_1100.jpg,easy_32_1100.jpg,0,fake
data/raw/fake\easy_48_0011.jpg,easy_48_0011.jpg,0,fake
data/raw/fake\mid_122_1100.jpg,mid_122_1100.jpg,0,fake
data/raw/real\real_00838.jpg,real_00838.jpg,1,real
data/raw/fake\mid_56_1111.jpg,mid_56_1111.jpg,0,fake
data/raw/real\real_00724.jpg,real_00724.jpg,1,real
data/raw/real\real_00267.jpg,real_00267.jpg,1,real
data/raw/fake\hard_39_1111.jpg,hard_39_1111.jpg,0,fake
data/raw/fake\hard_142_1110.jpg,hard_142_1110.jpg,0,fake
data/raw/fake\mid_352_1111.jpg,mid_352_1111.jpg,0,fake
data/raw/real\real_00356.jpg,real_00356.jpg,1,real
data/raw/fake\mid_303_1100.jpg,mid_303_1100.jpg,0,fake
data/raw/real\real_00307.jpg,real_00307.jpg,1,real
data/raw/real\real_00335.jpg,real_00335.jpg,1,real
data/raw/fake\mid_338_1100.jpg,mid_338_1100.jpg,0,fake
data/raw/fake\mid_367_0010.jpg,mid_367_0010.jpg,0,fake
data/raw/real\real_00682.jpg,real_00682.jpg,1,real
data/raw/fake\mid_412_0011.jpg,mid_412_0011.jpg,0,fake
data/raw/real\real_00021.jpg,real_00021.jpg,1,real
data/raw/real\real_00106.jpg,real_00106.jpg,1,real
data/raw/real\real_00813.jpg,real_00813.jpg,1,real
data/raw/fake\mid_76_1111.jpg,mid_76_1111.jpg,0,fake
data/raw/real\real_00422.jpg,real_00422.jpg,1,real
data/raw/real\real_01006.jpg,real_01006.jpg,1,real
data/raw/fake\mid_270_0101.jpg,mid_270_0101.jpg,0,fake
data/raw/fake\mid_297_0010.jpg,mid_297_0010.jpg,0,fake
data/raw/real\real_01024.jpg,real_01024.jpg,1,real
data/raw/fake\mid_263_1100.jpg,mid_263_1100.jpg,0,fake
data/raw/real\real_00277.jpg,real_00277.jpg,1,real
data/raw/real\real_00737.jpg,real_00737.jpg,1,real
data/raw/fake\mid_428_0001.jpg,mid_428_0001.jpg,0,fake
data/raw/real\real_00910.jpg,real_00910.jpg,1,real
data/raw/real\real_00680.jpg,real_00680.jpg,1,real
data/raw/fake\easy_31_0011.jpg,easy_31_0011.jpg,0,fake
data/raw/real\real_00283.jpg,real_00283.jpg,1,real
data/raw/fake\mid_446_0011.jpg,mid_446_0011.jpg,0,fake
data/raw/fake\easy_137_0001.jpg,easy_137_0001.jpg,0,fake
data/raw/real\real_00020.jpg,real_00020.jpg,1,real
data/raw/real\real_00926.jpg,real_00926.jpg,1,real
data/raw/fake\mid_341_1110.jpg,mid_341_1110.jpg,0,fake
data/raw/real\real_00499.jpg,real_00499.jpg,1,real
data/raw/real\real_00194.jpg,real_00194.jpg,1,real
data/raw/fake\mid_111_0001.jpg,mid_111_0001.jpg,0,fake
data/raw/real\real_00384.jpg,real_00384.jpg,1,real
data/raw/real\real_00270.jpg,real_00270.jpg,1,real
data/raw/real\real_00876.jpg,real_00876.jpg,1,real
data/raw/real\real_00249.jpg,real_00249.jpg,1,real
data/raw/real\real_00686.jpg,real_00686.jpg,1,real
data/raw/fake\easy_93_1010.jpg,easy_93_1010.jpg,0,fake
data/raw/real\real_00234.jpg,real_00234.jpg,1,real
data/raw/fake\mid_89_1111.jpg,mid_89_1111.jpg,0,fake
data/raw/fake\mid_183_1111.jpg,mid_183_1111.jpg,0,fake
data/raw/fake\hard_41_1111.jpg,hard_41_1111.jpg,0,fake
data/raw/fake\easy_229_1000.jpg,easy_229_1000.jpg,0,fake
data/raw/real\real_01070.jpg,real_01070.jpg,1,real
data/raw/real\real_00209.jpg,real_00209.jpg,1,real
data/raw/fake\hard_132_0111.jpg,hard_132_0111.jpg,0,fake
data/raw/real\real_00252.jpg,real_00252.jpg,1,real
data/raw/fake\mid_400_0011.jpg,mid_400_0011.jpg,0,fake
data/raw/real\real_00943.jpg,real_00943.jpg,1,real
data/raw/real\real_00819.jpg,real_00819.jpg,1,real
data/raw/fake\easy_22_1010.jpg,easy_22_1010.jpg,0,fake
data/raw/fake\easy_146_1110.jpg,easy_146_1110.jpg,0,fake
data/raw/fake\mid_205_0011.jpg,mid_205_0011.jpg,0,fake
data/raw/real\real_00681.jpg,real_00681.jpg,1,real
data/raw/fake\hard_182_0011.jpg,hard_182_0011.jpg,0,fake
data/raw/fake\mid_182_1111.jpg,mid_182_1111.jpg,0,fake
data/raw/fake\mid_394_1111.jpg,mid_394_1111.jpg,0,fake
data/raw/real\real_00326.jpg,real_00326.jpg,1,real
data/raw/fake\hard_186_0011.jpg,hard_186_0011.jpg,0,fake
data/raw/fake\hard_103_1101.jpg,hard_103_1101.jpg,0,fake
data/raw/real\real_00614.jpg,real_00614.jpg,1,real
data/raw/real\real_00822.jpg,real_00822.jpg,1,real
data/raw/fake\hard_13_1111.jpg,hard_13_1111.jpg,0,fake
data/raw/fake\mid_476_1111.jpg,mid_476_1111.jpg,0,fake
data/raw/real\real_00626.jpg,real_00626.jpg,1,real
data/raw/fake\mid_422_0011.jpg,mid_422_0011.jpg,0,fake
data/raw/real\real_00248.jpg,real_00248.jpg,1,real
data/raw/real\real_00570.jpg,real_00570.jpg,1,real
data/raw/fake\mid_353_0011.jpg,mid_353_0011.jpg,0,fake
data/raw/fake\easy_151_1110.jpg,easy_151_1110.jpg,0,fake
data/raw/fake\mid_328_0011.jpg,mid_328_0011.jpg,0,fake
data/raw/fake\easy_223_0100.jpg,easy_223_0100.jpg,0,fake
data/raw/fake\hard_56_0100.jpg,hard_56_0100.jpg,0,fake
data/raw/real\real_01056.jpg,real_01056.jpg,1,real
data/raw/fake\easy_203_0111.jpg,easy_203_0111.jpg,0,fake
data/raw/fake\hard_176_0011.jpg,hard_176_0011.jpg,0,fake
data/raw/fake\easy_142_1111.jpg,easy_142_1111.jpg,0,fake
data/raw/fake\mid_132_0001.jpg,mid_132_0001.jpg,0,fake
data/raw/fake\mid_208_1110.jpg,mid_208_1110.jpg,0,fake
data/raw/real\real_00148.jpg,real_00148.jpg,1,real
data/raw/real\real_00013.jpg,real_00013.jpg,1,real
data/raw/real\real_00946.jpg,real_00946.jpg,1,real
data/raw/fake\mid_12_1111.jpg,mid_12_1111.jpg,0,fake
data/raw/real\real_00439.jpg,real_00439.jpg,1,real
data/raw/fake\hard_231_1111.jpg,hard_231_1111.jpg,0,fake
data/raw/real\real_00345.jpg,real_00345.jpg,1,real
data/raw/real\real_00709.jpg,real_00709.jpg,1,real
data/raw/fake\mid_186_1100.jpg,mid_186_1100.jpg,0,fake
data/raw/real\real_00812.jpg,real_00812.jpg,1,real
data/raw/real\real_00868.jpg,real_00868.jpg,1,real
data/raw/fake\mid_218_1011.jpg,mid_218_1011.jpg,0,fake
data/raw/fake\easy_148_0011.jpg,easy_148_0011.jpg,0,fake
data/raw/fake\mid_348_1100.jpg,mid_348_1100.jpg,0,fake
data/raw/real\real_00524.jpg,real_00524.jpg,1,real
data/raw/fake\mid_101_1111.jpg,mid_101_1111.jpg,0,fake
data/raw/fake\hard_143_0100.jpg,hard_143_0100.jpg,0,fake
data/raw/real\real_00954.jpg,real_00954.jpg,1,real
data/raw/fake\mid_333_1101.jpg,mid_333_1101.jpg,0,fake
data/raw/fake\mid_357_0011.jpg,mid_357_0011.jpg,0,fake
data/raw/fake\hard_183_1101.jpg,hard_183_1101.jpg,0,fake
data/raw/real\real_00687.jpg,real_00687.jpg,1,real
data/raw/fake\easy_144_1111.jpg,easy_144_1111.jpg,0,fake
data/raw/fake\hard_162_0010.jpg,hard_162_0010.jpg,0,fake
data/raw/real\real_01011.jpg,real_01011.jpg,1,real
data/raw/fake\easy_65_1111.jpg,easy_65_1111.jpg,0,fake
data/raw/real\real_00285.jpg,real_00285.jpg,1,real
data/raw/real\real_00631.jpg,real_00631.jpg,1,real
data/raw/real\real_00515.jpg,real_00515.jpg,1,real
data/raw/fake\hard_28_1111.jpg,hard_28_1111.jpg,0,fake
data/raw/fake\hard_148_1010.jpg,hard_148_1010.jpg,0,fake
data/raw/fake\hard_58_0001.jpg,hard_58_0001.jpg,0,fake
data/raw/real\real_00798.jpg,real_00798.jpg,1,real
data/raw/real\real_00221.jpg,real_00221.jpg,1,real
data/raw/real\real_00983.jpg,real_00983.jpg,1,real
data/raw/real\real_01076.jpg,real_01076.jpg,1,real
data/raw/real\real_00775.jpg,real_00775.jpg,1,real
data/raw/real\real_00734.jpg,real_00734.jpg,1,real
data/raw/real\real_00337.jpg,real_00337.jpg,1,real
data/raw/real\real_00804.jpg,real_00804.jpg,1,real
data/raw/fake\easy_74_0010.jpg,easy_74_0010.jpg,0,fake
data/raw/fake\mid_396_1011.jpg,mid_396_1011.jpg,0,fake
data/raw/real\real_00497.jpg,real_00497.jpg,1,real
data/raw/real\real_00436.jpg,real_00436.jpg,1,real
data/raw/real\real_00213.jpg,real_00213.jpg,1,real
data/raw/fake\mid_261_1101.jpg,mid_261_1101.jpg,0,fake
data/raw/fake\hard_26_0011.jpg,hard_26_0011.jpg,0,fake
data/raw/real\real_00587.jpg,real_00587.jpg,1,real
data/raw/real\real_00801.jpg,real_00801.jpg,1,real
data/raw/fake\easy_88_0011.jpg,easy_88_0011.jpg,0,fake
data/raw/real\real_01010.jpg,real_01010.jpg,1,real
data/raw/real\real_00835.jpg,real_00835.jpg,1,real
data/raw/real\real_00695.jpg,real_00695.jpg,1,real
data/raw/real\real_00428.jpg,real_00428.jpg,1,real
data/raw/fake\easy_157_1110.jpg,easy_157_1110.jpg,0,fake
data/raw/fake\hard_215_1101.jpg,hard_215_1101.jpg,0,fake
data/raw/fake\easy_54_1010.jpg,easy_54_1010.jpg,0,fake
data/raw/real\real_00052.jpg,real_00052.jpg,1,real
data/raw/fake\hard_80_0100.jpg,hard_80_0100.jpg,0,fake
data/raw/fake\hard_233_0010.jpg,hard_233_0010.jpg,0,fake
data/raw/real\real_00834.jpg,real_00834.jpg,1,real
data/raw/real\real_00877.jpg,real_00877.jpg,1,real
data/raw/fake\easy_92_0011.jpg,easy_92_0011.jpg,0,fake
data/raw/real\real_00144.jpg,real_00144.jpg,1,real
data/raw/real\real_00702.jpg,real_00702.jpg,1,real
data/raw/fake\mid_179_1111.jpg,mid_179_1111.jpg,0,fake
data/raw/real\real_00299.jpg,real_00299.jpg,1,real
data/raw/real\real_00306.jpg,real_00306.jpg,1,real
data/raw/real\real_00388.jpg,real_00388.jpg,1,real
data/raw/real\real_00324.jpg,real_00324.jpg,1,real
data/raw/fake\hard_77_1100.jpg,hard_77_1100.jpg,0,fake
data/raw/real\real_00246.jpg,real_00246.jpg,1,real
data/raw/fake\mid_204_1111.jpg,mid_204_1111.jpg,0,fake
data/raw/fake\mid_350_0100.jpg,mid_350_0100.jpg,0,fake
data/raw/fake\hard_35_1111.jpg,hard_35_1111.jpg,0,fake
data/raw/real\real_00597.jpg,real_00597.jpg,1,real
data/raw/fake\easy_115_0010.jpg,easy_115_0010.jpg,0,fake
data/raw/real\real_00630.jpg,real_00630.jpg,1,real
data/raw/fake\mid_266_1101.jpg,mid_266_1101.jpg,0,fake
data/raw/fake\mid_145_1111.jpg,mid_145_1111.jpg,0,fake
data/raw/real\real_00957.jpg,real_00957.jpg,1,real
data/raw/real\real_01037.jpg,real_01037.jpg,1,real
data/raw/real\real_00239.jpg,real_00239.jpg,1,real
data/raw/real\real_00719.jpg,real_00719.jpg,1,real
data/raw/fake\easy_174_1110.jpg,easy_174_1110.jpg,0,fake
data/raw/real\real_00403.jpg,real_00403.jpg,1,real
data/raw/real\real_00464.jpg,real_00464.jpg,1,real
data/raw/real\real_00898.jpg,real_00898.jpg,1,real
data/raw/real\real_00871.jpg,real_00871.jpg,1,real
data/raw/fake\easy_104_1000.jpg,easy_104_1000.jpg,0,fake
data/raw/fake\mid_433_0011.jpg,mid_433_0011.jpg,0,fake
data/raw/fake\hard_86_1100.jpg,hard_86_1100.jpg,0,fake
data/raw/fake\mid_364_1111.jpg,mid_364_1111.jpg,0,fake
data/raw/real\real_01008.jpg,real_01008.jpg,1,real
data/raw/fake\mid_320_1111.jpg,mid_320_1111.jpg,0,fake
data/raw/fake\mid_105_1101.jpg,mid_105_1101.jpg,0,fake
data/raw/real\real_00033.jpg,real_00033.jpg,1,real
data/raw/fake\hard_51_1111.jpg,hard_51_1111.jpg,0,fake
data/raw/fake\mid_416_1111.jpg,mid_416_1111.jpg,0,fake
data/raw/fake\hard_15_1111.jpg,hard_15_1111.jpg,0,fake
data/raw/real\real_00590.jpg,real_00590.jpg,1,real
data/raw/real\real_00255.jpg,real_00255.jpg,1,real
data/raw/fake\mid_134_1010.jpg,mid_134_1010.jpg,0,fake
data/raw/fake\mid_454_1111.jpg,mid_454_1111.jpg,0,fake
data/raw/real\real_00492.jpg,real_00492.jpg,1,real
data/raw/real\real_01042.jpg,real_01042.jpg,1,real
data/raw/real\real_00694.jpg,real_00694.jpg,1,real
data/raw/fake\hard_37_1111.jpg,hard_37_1111.jpg,0,fake
data/raw/real\real_00662.jpg,real_00662.jpg,1,real
data/raw/real\real_00036.jpg,real_00036.jpg,1,real
data/raw/real\real_00443.jpg,real_00443.jpg,1,real
data/raw/fake\hard_67_0001.jpg,hard_67_0001.jpg,0,fake
data/raw/real\real_00771.jpg,real_00771.jpg,1,real
data/raw/real\real_00431.jpg,real_00431.jpg,1,real
data/raw/real\real_00932.jpg,real_00932.jpg,1,real
data/raw/fake\hard_204_0011.jpg,hard_204_0011.jpg,0,fake
data/raw/real\real_00825.jpg,real_00825.jpg,1,real
data/raw/fake\hard_138_1101.jpg,hard_138_1101.jpg,0,fake
data/raw/fake\easy_162_0001.jpg,easy_162_0001.jpg,0,fake
data/raw/fake\easy_7_1100.jpg,easy_7_1100.jpg,0,fake
data/raw/real\real_01023.jpg,real_01023.jpg,1,real
data/raw/real\real_00525.jpg,real_00525.jpg,1,real
data/raw/fake\hard_115_1110.jpg,hard_115_1110.jpg,0,fake
data/raw/real\real_00863.jpg,real_00863.jpg,1,real
data/raw/real\real_00727.jpg,real_00727.jpg,1,real
data/raw/real\real_00735.jpg,real_00735.jpg,1,real
data/raw/fake\easy_50_0110.jpg,easy_50_0110.jpg,0,fake
data/raw/real\real_00613.jpg,real_00613.jpg,1,real
data/raw/fake\hard_100_1111.jpg,hard_100_1111.jpg,0,fake
data/raw/real\real_00201.jpg,real_00201.jpg,1,real
data/raw/real\real_00742.jpg,real_00742.jpg,1,real
data/raw/fake\mid_424_1111.jpg,mid_424_1111.jpg,0,fake
data/raw/real\real_01033.jpg,real_01033.jpg,1,real
data/raw/fake\easy_42_0001.jpg,easy_42_0001.jpg,0,fake
data/raw/fake\easy_164_1111.jpg,easy_164_1111.jpg,0,fake
data/raw/real\real_00164.jpg,real_00164.jpg,1,real
data/raw/real\real_00107.jpg,real_00107.jpg,1,real
data/raw/real\real_00220.jpg,real_00220.jpg,1,real
data/raw/real\real_00082.jpg,real_00082.jpg,1,real
data/raw/fake\hard_224_0111.jpg,hard_224_0111.jpg,0,fake
data/raw/fake\mid_176_1111.jpg,mid_176_1111.jpg,0,fake
data/raw/fake\mid_323_1101.jpg,mid_323_1101.jpg,0,fake
data/raw/fake\mid_269_1100.jpg,mid_269_1100.jpg,0,fake
data/raw/fake\mid_203_1111.jpg,mid_203_1111.jpg,0,fake
data/raw/fake\mid_272_1010.jpg,mid_272_1010.jpg,0,fake
data/raw/fake\mid_260_1111.jpg,mid_260_1111.jpg,0,fake
data/raw/fake\easy_5_1100.jpg,easy_5_1100.jpg,0,fake
data/raw/real\real_00094.jpg,real_00094.jpg,1,real
data/raw/real\real_00782.jpg,real_00782.jpg,1,real
data/raw/real\real_00660.jpg,real_00660.jpg,1,real
data/raw/real\real_00501.jpg,real_00501.jpg,1,real
data/raw/fake\mid_379_1100.jpg,mid_379_1100.jpg,0,fake
data/raw/real\real_00608.jpg,real_00608.jpg,1,real
data/raw/real\real_00741.jpg,real_00741.jpg,1,real
data/raw/real\real_00930.jpg,real_00930.jpg,1,real
data/raw/fake\mid_452_1111.jpg,mid_452_1111.jpg,0,fake
data/raw/fake\hard_14_1111.jpg,hard_14_1111.jpg,0,fake
data/raw/real\real_01017.jpg,real_01017.jpg,1,real
data/raw/real\real_00736.jpg,real_00736.jpg,1,real
data/raw/fake\easy_1_1110.jpg,easy_1_1110.jpg,0,fake
data/raw/real\real_00916.jpg,real_00916.jpg,1,real
data/raw/fake\hard_16_1111.jpg,hard_16_1111.jpg,0,fake
data/raw/real\real_00904.jpg,real_00904.jpg,1,real
data/raw/fake\easy_58_0011.jpg,easy_58_0011.jpg,0,fake
data/raw/real\real_00340.jpg,real_00340.jpg,1,real
data/raw/fake\hard_20_1111.jpg,hard_20_1111.jpg,0,fake
data/raw/fake\mid_387_1100.jpg,mid_387_1100.jpg,0,fake
data/raw/fake\hard_98_1101.jpg,hard_98_1101.jpg,0,fake
data/raw/real\real_00718.jpg,real_00718.jpg,1,real
data/raw/real\real_00049.jpg,real_00049.jpg,1,real
data/raw/fake\hard_155_0010.jpg,hard_155_0010.jpg,0,fake
data/raw/real\real_00360.jpg,real_00360.jpg,1,real
data/raw/real\real_00311.jpg,real_00311.jpg,1,real
data/raw/real\real_00057.jpg,real_00057.jpg,1,real
data/raw/real\real_00591.jpg,real_00591.jpg,1,real
data/raw/fake\mid_371_0011.jpg,mid_371_0011.jpg,0,fake
data/raw/fake\easy_15_0011.jpg,easy_15_0011.jpg,0,fake
data/raw/fake\mid_215_0011.jpg,mid_215_0011.jpg,0,fake
data/raw/real\real_00065.jpg,real_00065.jpg,1,real
data/raw/fake\hard_131_1000.jpg,hard_131_1000.jpg,0,fake
data/raw/real\real_00078.jpg,real_00078.jpg,1,real
data/raw/real\real_01030.jpg,real_01030.jpg,1,real
data/raw/fake\mid_437_1101.jpg,mid_437_1101.jpg,0,fake
data/raw/fake\mid_159_1111.jpg,mid_159_1111.jpg,0,fake
data/raw/fake\mid_62_1110.jpg,mid_62_1110.jpg,0,fake
data/raw/fake\hard_4_1111.jpg,hard_4_1111.jpg,0,fake
data/raw/fake\hard_114_1111.jpg,hard_114_1111.jpg,0,fake
data/raw/fake\hard_236_1001.jpg,hard_236_1001.jpg,0,fake
data/raw/fake\mid_59_1111.jpg,mid_59_1111.jpg,0,fake
data/raw/fake\mid_465_1111.jpg,mid_465_1111.jpg,0,fake
data/raw/real\real_00105.jpg,real_00105.jpg,1,real
data/raw/real\real_00730.jpg,real_00730.jpg,1,real
data/raw/fake\easy_123_0100.jpg,easy_123_0100.jpg,0,fake
data/raw/real\real_00240.jpg,real_00240.jpg,1,real
data/raw/real\real_00243.jpg,real_00243.jpg,1,real
data/raw/fake\easy_195_1110.jpg,easy_195_1110.jpg,0,fake
data/raw/real\real_00355.jpg,real_00355.jpg,1,real
data/raw/fake\hard_234_1100.jpg,hard_234_1100.jpg,0,fake
data/raw/real\real_00762.jpg,real_00762.jpg,1,real
data/raw/fake\mid_201_1111.jpg,mid_201_1111.jpg,0,fake
data/raw/fake\easy_218_0011.jpg,easy_218_0011.jpg,0,fake
data/raw/real\real_00725.jpg,real_00725.jpg,1,real
data/raw/fake\hard_5_1111.jpg,hard_5_1111.jpg,0,fake
data/raw/fake\mid_383_1100.jpg,mid_383_1100.jpg,0,fake
data/raw/fake\easy_122_1011.jpg,easy_122_1011.jpg,0,fake
data/raw/real\real_00789.jpg,real_00789.jpg,1,real
data/raw/fake\mid_450_1101.jpg,mid_450_1101.jpg,0,fake
data/raw/real\real_00062.jpg,real_00062.jpg,1,real
data/raw/real\real_00413.jpg,real_00413.jpg,1,real
data/raw/real\real_00603.jpg,real_00603.jpg,1,real
data/raw/real\real_00180.jpg,real_00180.jpg,1,real
data/raw/fake\mid_340_1111.jpg,mid_340_1111.jpg,0,fake
data/raw/fake\mid_276_0011.jpg,mid_276_0011.jpg,0,fake
data/raw/real\real_00776.jpg,real_00776.jpg,1,real
data/raw/fake\mid_331_0011.jpg,mid_331_0011.jpg,0,fake
data/raw/real\real_00043.jpg,real_00043.jpg,1,real
data/raw/fake\hard_82_0011.jpg,hard_82_0011.jpg,0,fake
data/raw/real\real_00432.jpg,real_00432.jpg,1,real
data/raw/fake\mid_190_1111.jpg,mid_190_1111.jpg,0,fake
data/raw/real\real_00553.jpg,real_00553.jpg,1,real
data/raw/fake\mid_128_1110.jpg,mid_128_1110.jpg,0,fake
data/raw/real\real_00257.jpg,real_00257.jpg,1,real
data/raw/real\real_00802.jpg,real_00802.jpg,1,real
data/raw/real\real_00754.jpg,real_00754.jpg,1,real
data/raw/fake\mid_104_1100.jpg,mid_104_1100.jpg,0,fake
data/raw/real\real_00187.jpg,real_00187.jpg,1,real
data/raw/real\real_01044.jpg,real_01044.jpg,1,real
data/raw/real\real_00394.jpg,real_00394.jpg,1,real
data/raw/fake\easy_193_1110.jpg,easy_193_1110.jpg,0,fake
data/raw/real\real_00546.jpg,real_00546.jpg,1,real
data/raw/real\real_00017.jpg,real_00017.jpg,1,real
data/raw/fake\mid_153_1111.jpg,mid_153_1111.jpg,0,fake
data/raw/real\real_00204.jpg,real_00204.jpg,1,real
data/raw/real\real_00271.jpg,real_00271.jpg,1,real
data/raw/real\real_01012.jpg,real_01012.jpg,1,real
data/raw/fake\mid_207_1111.jpg,mid_207_1111.jpg,0,fake
data/raw/fake\mid_301_0101.jpg,mid_301_0101.jpg,0,fake
data/raw/fake\easy_116_111.jpg,easy_116_111.jpg,0,fake
data/raw/fake\mid_149_0011.jpg,mid_149_0011.jpg,0,fake
data/raw/real\real_00242.jpg,real_00242.jpg,1,real
data/raw/fake\mid_463_0100.jpg,mid_463_0100.jpg,0,fake
data/raw/fake\easy_45_1010.jpg,easy_45_1010.jpg,0,fake
data/raw/fake\easy_196_0010.jpg,easy_196_0010.jpg,0,fake
data/raw/real\real_00852.jpg,real_00852.jpg,1,real
data/raw/fake\mid_418_1101.jpg,mid_418_1101.jpg,0,fake
data/raw/fake\hard_89_1110.jpg,hard_89_1110.jpg,0,fake
data/raw/fake\mid_140_1111.jpg,mid_140_1111.jpg,0,fake
data/raw/fake\mid_397_1111.jpg,mid_397_1111.jpg,0,fake
data/raw/real\real_00111.jpg,real_00111.jpg,1,real
data/raw/fake\easy_206_0011.jpg,easy_206_0011.jpg,0,fake
data/raw/fake\hard_81_1101.jpg,hard_81_1101.jpg,0,fake
data/raw/fake\mid_267_1111.jpg,mid_267_1111.jpg,0,fake
data/raw/real\real_00675.jpg,real_00675.jpg,1,real
data/raw/fake\mid_32_1111.jpg,mid_32_1111.jpg,0,fake
data/raw/real\real_00008.jpg,real_00008.jpg,1,real
data/raw/real\real_00193.jpg,real_00193.jpg,1,real
data/raw/real\real_00993.jpg,real_00993.jpg,1,real
data/raw/fake\mid_415_1111.jpg,mid_415_1111.jpg,0,fake
data/raw/fake\easy_35_0110.jpg,easy_35_0110.jpg,0,fake
data/raw/fake\mid_112_0001.jpg,mid_112_0001.jpg,0,fake
data/raw/fake\hard_238_1000.jpg,hard_238_1000.jpg,0,fake
data/raw/real\real_01058.jpg,real_01058.jpg,1,real
data/raw/fake\easy_139_0110.jpg,easy_139_0110.jpg,0,fake
data/raw/fake\mid_52_1111.jpg,mid_52_1111.jpg,0,fake
data/raw/real\real_00795.jpg,real_00795.jpg,1,real
data/raw/real\real_00797.jpg,real_00797.jpg,1,real
data/raw/real\real_00258.jpg,real_00258.jpg,1,real
data/raw/fake\mid_432_1111.jpg,mid_432_1111.jpg,0,fake
data/raw/real\real_00097.jpg,real_00097.jpg,1,real
data/raw/real\real_00178.jpg,real_00178.jpg,1,real
data/raw/fake\hard_173_1110.jpg,hard_173_1110.jpg,0,fake
data/raw/fake\mid_119_1111.jpg,mid_119_1111.jpg,0,fake
data/raw/fake\hard_156_1111.jpg,hard_156_1111.jpg,0,fake
data/raw/fake\easy_159_1111.jpg,easy_159_1111.jpg,0,fake
data/raw/real\real_00368.jpg,real_00368.jpg,1,real
data/raw/real\real_00598.jpg,real_00598.jpg,1,real
data/raw/fake\mid_172_1111.jpg,mid_172_1111.jpg,0,fake
data/raw/real\real_00451.jpg,real_00451.jpg,1,real
data/raw/real\real_00625.jpg,real_00625.jpg,1,real
data/raw/fake\easy_67_0101.jpg,easy_67_0101.jpg,0,fake
data/raw/fake\mid_154_1111.jpg,mid_154_1111.jpg,0,fake
data/raw/fake\mid_232_1111.jpg,mid_232_1111.jpg,0,fake
data/raw/real\real_00604.jpg,real_00604.jpg,1,real
data/raw/fake\mid_250_1111.jpg,mid_250_1111.jpg,0,fake
data/raw/real\real_00357.jpg,real_00357.jpg,1,real
data/raw/real\real_00139.jpg,real_00139.jpg,1,real
data/raw/fake\easy_213_1111.jpg,easy_213_1111.jpg,0,fake
data/raw/fake\mid_214_1011.jpg,mid_214_1011.jpg,0,fake
data/raw/fake\mid_152_1100.jpg,mid_152_1100.jpg,0,fake
data/raw/real\real_00452.jpg,real_00452.jpg,1,real
data/raw/fake\easy_89_0010.jpg,easy_89_0010.jpg,0,fake
data/raw/real\real_00731.jpg,real_00731.jpg,1,real
data/raw/fake\easy_6_1110.jpg,easy_6_1110.jpg,0,fake
data/raw/fake\easy_37_0010.jpg,easy_37_0010.jpg,0,fake
data/raw/real\real_00088.jpg,real_00088.jpg,1,real
data/raw/fake\easy_56_1110.jpg,easy_56_1110.jpg,0,fake
data/raw/real\real_00537.jpg,real_00537.jpg,1,real
data/raw/fake\mid_360_1100.jpg,mid_360_1100.jpg,0,fake
data/raw/real\real_00794.jpg,real_00794.jpg,1,real
data/raw/real\real_00894.jpg,real_00894.jpg,1,real
data/raw/fake\mid_268_0010.jpg,mid_268_0010.jpg,0,fake
data/raw/fake\mid_3_1100.jpg,mid_3_1100.jpg,0,fake
data/raw/real\real_00205.jpg,real_00205.jpg,1,real
data/raw/fake\hard_59_1110.jpg,hard_59_1110.jpg,0,fake
data/raw/real\real_00002.jpg,real_00002.jpg,1,real
data/raw/real\real_00759.jpg,real_00759.jpg,1,real
data/raw/real\real_00346.jpg,real_00346.jpg,1,real
data/raw/real\real_00899.jpg,real_00899.jpg,1,real
data/raw/real\real_00425.jpg,real_00425.jpg,1,real
data/raw/fake\mid_361_0001.jpg,mid_361_0001.jpg,0,fake
data/raw/fake\hard_177_1011.jpg,hard_177_1011.jpg,0,fake
data/raw/fake\mid_219_1111.jpg,mid_219_1111.jpg,0,fake
data/raw/real\real_00873.jpg,real_00873.jpg,1,real
data/raw/fake\mid_36_1100.jpg,mid_36_1100.jpg,0,fake
data/raw/fake\easy_27_1000.jpg,easy_27_1000.jpg,0,fake
data/raw/real\real_00226.jpg,real_00226.jpg,1,real
data/raw/real\real_00787.jpg,real_00787.jpg,1,real
data/raw/fake\hard_147_1111.jpg,hard_147_1111.jpg,0,fake
data/raw/fake\mid_185_1110.jpg,mid_185_1110.jpg,0,fake
data/raw/fake\easy_233_0010.jpg,easy_233_0010.jpg,0,fake
data/raw/real\real_00784.jpg,real_00784.jpg,1,real
data/raw/fake\mid_155_1100.jpg,mid_155_1100.jpg,0,fake
data/raw/real\real_00085.jpg,real_00085.jpg,1,real
data/raw/real\real_01079.jpg,real_01079.jpg,1,real
data/raw/fake\hard_154_1100.jpg,hard_154_1100.jpg,0,fake
data/raw/real\real_00658.jpg,real_00658.jpg,1,real
data/raw/real\real_00850.jpg,real_00850.jpg,1,real
data/raw/fake\hard_75_0011.jpg,hard_75_0011.jpg,0,fake
data/raw/real\real_00288.jpg,real_00288.jpg,1,real
data/raw/real\real_00304.jpg,real_00304.jpg,1,real
data/raw/real\real_00914.jpg,real_00914.jpg,1,real
data/raw/real\real_00987.jpg,real_00987.jpg,1,real
data/raw/real\real_00414.jpg,real_00414.jpg,1,real
data/raw/real\real_00826.jpg,real_00826.jpg,1,real
data/raw/fake\mid_356_1110.jpg,mid_356_1110.jpg,0,fake
data/raw/real\real_00982.jpg,real_00982.jpg,1,real
data/raw/fake\mid_295_0111.jpg,mid_295_0111.jpg,0,fake
data/raw/real\real_00717.jpg,real_00717.jpg,1,real
data/raw/real\real_00606.jpg,real_00606.jpg,1,real
data/raw/real\real_00815.jpg,real_00815.jpg,1,real
data/raw/real\real_00127.jpg,real_00127.jpg,1,real
data/raw/fake\mid_417_1111.jpg,mid_417_1111.jpg,0,fake
data/raw/real\real_01066.jpg,real_01066.jpg,1,real
data/raw/real\real_00015.jpg,real_00015.jpg,1,real
data/raw/real\real_00115.jpg,real_00115.jpg,1,real
data/raw/real\real_00749.jpg,real_00749.jpg,1,real
data/raw/real\real_00302.jpg,real_00302.jpg,1,real
data/raw/real\real_00386.jpg,real_00386.jpg,1,real
data/raw/real\real_00944.jpg,real_00944.jpg,1,real
data/raw/real\real_00792.jpg,real_00792.jpg,1,real
data/raw/fake\mid_47_1110.jpg,mid_47_1110.jpg,0,fake
data/raw/fake\mid_273_1101.jpg,mid_273_1101.jpg,0,fake
data/raw/fake\easy_47_1110.jpg,easy_47_1110.jpg,0,fake
data/raw/fake\mid_289_1101.jpg,mid_289_1101.jpg,0,fake
data/raw/real\real_00721.jpg,real_00721.jpg,1,real
data/raw/real\real_00743.jpg,real_00743.jpg,1,real
data/raw/fake\hard_63_1101.jpg,hard_63_1101.jpg,0,fake
data/raw/real\real_00933.jpg,real_00933.jpg,1,real
data/raw/real\real_01071.jpg,real_01071.jpg,1,real
data/raw/real\real_00752.jpg,real_00752.jpg,1,real
data/raw/fake\easy_129_1111.jpg,easy_129_1111.jpg,0,fake
data/raw/real\real_00966.jpg,real_00966.jpg,1,real
data/raw/fake\easy_2_1111.jpg,easy_2_1111.jpg,0,fake
data/raw/fake\mid_78_1101.jpg,mid_78_1101.jpg,0,fake
data/raw/fake\mid_173_1110.jpg,mid_173_1110.jpg,0,fake
data/raw/real\real_00332.jpg,real_00332.jpg,1,real
data/raw/real\real_00632.jpg,real_00632.jpg,1,real
data/raw/real\real_00975.jpg,real_00975.jpg,1,real
data/raw/fake\mid_187_1101.jpg,mid_187_1101.jpg,0,fake
data/raw/fake\mid_236_1111.jpg,mid_236_1111.jpg,0,fake
data/raw/fake\mid_148_0001.jpg,mid_148_0001.jpg,0,fake
data/raw/fake\hard_195_1000.jpg,hard_195_1000.jpg,0,fake
data/raw/real\real_00072.jpg,real_00072.jpg,1,real
data/raw/real\real_00565.jpg,real_00565.jpg,1,real
data/raw/real\real_00509.jpg,real_00509.jpg,1,real
data/raw/real\real_00169.jpg,real_00169.jpg,1,real
data/raw/real\real_00336.jpg,real_00336.jpg,1,real
data/raw/real\real_01003.jpg,real_01003.jpg,1,real
data/raw/fake\easy_99_0101.jpg,easy_99_0101.jpg,0,fake
data/raw/fake\hard_45_1111.jpg,hard_45_1111.jpg,0,fake
data/raw/fake\mid_470_1001.jpg,mid_470_1001.jpg,0,fake
data/raw/fake\mid_381_1101.jpg,mid_381_1101.jpg,0,fake
data/raw/real\real_00811.jpg,real_00811.jpg,1,real
data/raw/real\real_00663.jpg,real_00663.jpg,1,real
data/raw/real\real_00560.jpg,real_00560.jpg,1,real
data/raw/real\real_00584.jpg,real_00584.jpg,1,real
data/raw/real\real_00038.jpg,real_00038.jpg,1,real
data/raw/fake\hard_6_1110.jpg,hard_6_1110.jpg,0,fake
data/raw/real\real_00558.jpg,real_00558.jpg,1,real
data/raw/real\real_00469.jpg,real_00469.jpg,1,real
data/raw/real\real_00059.jpg,real_00059.jpg,1,real
data/raw/real\real_01068.jpg,real_01068.jpg,1,real
data/raw/fake\easy_8_0010.jpg,easy_8_0010.jpg,0,fake
data/raw/real\real_00198.jpg,real_00198.jpg,1,real
data/raw/real\real_00247.jpg,real_00247.jpg,1,real
data/raw/real\real_00869.jpg,real_00869.jpg,1,real
data/raw/fake\hard_225_0011.jpg,hard_225_0011.jpg,0,fake
data/raw/real\real_00073.jpg,real_00073.jpg,1,real
data/raw/real\real_00886.jpg,real_00886.jpg,1,real
data/raw/fake\hard_102_1001.jpg,hard_102_1001.jpg,0,fake
data/raw/fake\easy_150_0011.jpg,easy_150_0011.jpg,0,fake
data/raw/fake\easy_59_0010.jpg,easy_59_0010.jpg,0,fake
data/raw/fake\mid_346_0011.jpg,mid_346_0011.jpg,0,fake
data/raw/fake\mid_431_0001.jpg,mid_431_0001.jpg,0,fake
data/raw/fake\easy_211_1100.jpg,easy_211_1100.jpg,0,fake
data/raw/fake\mid_434_1110.jpg,mid_434_1110.jpg,0,fake
data/raw/real\real_00659.jpg,real_00659.jpg,1,real
data/raw/real\real_00400.jpg,real_00400.jpg,1,real
data/raw/real\real_00224.jpg,real_00224.jpg,1,real
data/raw/real\real_00004.jpg,real_00004.jpg,1,real
data/raw/fake\mid_314_1101.jpg,mid_314_1101.jpg,0,fake
data/raw/fake\hard_140_1111.jpg,hard_140_1111.jpg,0,fake
data/raw/fake\mid_138_0011.jpg,mid_138_0011.jpg,0,fake
data/raw/real\real_00723.jpg,real_00723.jpg,1,real
data/raw/fake\hard_54_0001.jpg,hard_54_0001.jpg,0,fake
data/raw/fake\easy_160_0011.jpg,easy_160_0011.jpg,0,fake
data/raw/real\real_00849.jpg,real_00849.jpg,1,real
data/raw/fake\mid_262_1111.jpg,mid_262_1111.jpg,0,fake
data/raw/fake\mid_50_1111.jpg,mid_50_1111.jpg,0,fake
data/raw/fake\hard_161_1100.jpg,hard_161_1100.jpg,0,fake
data/raw/real\real_00888.jpg,real_00888.jpg,1,real
data/raw/real\real_00612.jpg,real_00612.jpg,1,real
data/raw/fake\easy_178_1111.jpg,easy_178_1111.jpg,0,fake
data/raw/fake\mid_109_1111.jpg,mid_109_1111.jpg,0,fake
data/raw/real\real_00074.jpg,real_00074.jpg,1,real
data/raw/fake\easy_103_1111.jpg,easy_103_1111.jpg,0,fake
data/raw/fake\mid_255_0011.jpg,mid_255_0011.jpg,0,fake
data/raw/real\real_00767.jpg,real_00767.jpg,1,real
data/raw/fake\mid_171_1100.jpg,mid_171_1100.jpg,0,fake
data/raw/fake\mid_442_0111.jpg,mid_442_0111.jpg,0,fake
data/raw/real\real_00580.jpg,real_00580.jpg,1,real
data/raw/real\real_00128.jpg,real_00128.jpg,1,real
data/raw/fake\hard_185_1100.jpg,hard_185_1100.jpg,0,fake
data/raw/fake\easy_117_0101.jpg,easy_117_0101.jpg,0,fake
data/raw/real\real_00568.jpg,real_00568.jpg,1,real
data/raw/fake\mid_438_0010.jpg,mid_438_0010.jpg,0,fake
data/raw/real\real_00353.jpg,real_00353.jpg,1,real
data/raw/real\real_00647.jpg,real_00647.jpg,1,real
data/raw/fake\hard_69_0011.jpg,hard_69_0011.jpg,0,fake
data/raw/real\real_01038.jpg,real_01038.jpg,1,real
data/raw/real\real_00540.jpg,real_00540.jpg,1,real
data/raw/real\real_00764.jpg,real_00764.jpg,1,real
data/raw/fake\mid_2_1101.jpg,mid_2_1101.jpg,0,fake
data/raw/real\real_00728.jpg,real_00728.jpg,1,real
data/raw/real\real_00860.jpg,real_00860.jpg,1,real
data/raw/real\real_00783.jpg,real_00783.jpg,1,real
data/raw/fake\mid_307_1101.jpg,mid_307_1101.jpg,0,fake
data/raw/fake\easy_29_0011.jpg,easy_29_0011.jpg,0,fake
data/raw/fake\hard_22_1111.jpg,hard_22_1111.jpg,0,fake
data/raw/fake\mid_131_1111.jpg,mid_131_1111.jpg,0,fake
data/raw/fake\mid_196_1100.jpg,mid_196_1100.jpg,0,fake
data/raw/fake\mid_354_1110.jpg,mid_354_1110.jpg,0,fake
data/raw/real\real_00131.jpg,real_00131.jpg,1,real
data/raw/real\real_00190.jpg,real_00190.jpg,1,real
data/raw/real\real_00773.jpg,real_00773.jpg,1,real
data/raw/fake\hard_19_1111.jpg,hard_19_1111.jpg,0,fake
data/raw/real\real_00536.jpg,real_00536.jpg,1,real
data/raw/real\real_00576.jpg,real_00576.jpg,1,real
data/raw/real\real_00750.jpg,real_00750.jpg,1,real
data/raw/real\real_00037.jpg,real_00037.jpg,1,real
data/raw/fake\mid_80_1111.jpg,mid_80_1111.jpg,0,fake
data/raw/fake\easy_170_0010.jpg,easy_170_0010.jpg,0,fake
data/raw/fake\mid_125_1111.jpg,mid_125_1111.jpg,0,fake
data/raw/fake\hard_31_0011.jpg,hard_31_0011.jpg,0,fake
data/raw/fake\hard_190_1111.jpg,hard_190_1111.jpg,0,fake
data/raw/fake\hard_3_1111.jpg,hard_3_1111.jpg,0,fake
data/raw/real\real_00034.jpg,real_00034.jpg,1,real
data/raw/fake\hard_96_1110.jpg,hard_96_1110.jpg,0,fake
data/raw/real\real_00641.jpg,real_00641.jpg,1,real
data/raw/real\real_00259.jpg,real_00259.jpg,1,real
data/raw/real\real_00316.jpg,real_00316.jpg,1,real
data/raw/fake\mid_49_1111.jpg,mid_49_1111.jpg,0,fake
data/raw/real\real_01009.jpg,real_01009.jpg,1,real
data/raw/real\real_00253.jpg,real_00253.jpg,1,real
data/raw/real\real_00517.jpg,real_00517.jpg,1,real
data/raw/real\real_00655.jpg,real_00655.jpg,1,real
data/raw/fake\easy_100_1111.jpg,easy_100_1111.jpg,0,fake
data/raw/real\real_00350.jpg,real_00350.jpg,1,real
data/raw/real\real_00262.jpg,real_00262.jpg,1,real
data/raw/real\real_00937.jpg,real_00937.jpg,1,real
data/raw/real\real_00103.jpg,real_00103.jpg,1,real
data/raw/real\real_00165.jpg,real_00165.jpg,1,real
data/raw/fake\easy_43_1100.jpg,easy_43_1100.jpg,0,fake
data/raw/fake\mid_389_1101.jpg,mid_389_1101.jpg,0,fake
data/raw/real\real_01034.jpg,real_01034.jpg,1,real
data/raw/real\real_00173.jpg,real_00173.jpg,1,real
data/raw/real\real_00358.jpg,real_00358.jpg,1,real
data/raw/real\real_00263.jpg,real_00263.jpg,1,real
data/raw/fake\mid_66_1100.jpg,mid_66_1100.jpg,0,fake
data/raw/fake\hard_179_1111.jpg,hard_179_1111.jpg,0,fake
data/raw/real\real_00125.jpg,real_00125.jpg,1,real
data/raw/fake\mid_306_1111.jpg,mid_306_1111.jpg,0,fake
data/raw/real\real_00564.jpg,real_00564.jpg,1,real
data/raw/real\real_00814.jpg,real_00814.jpg,1,real
data/raw/real\real_00715.jpg,real_00715.jpg,1,real
data/raw/real\real_00377.jpg,real_00377.jpg,1,real
data/raw/real\real_00154.jpg,real_00154.jpg,1,real
data/raw/real\real_00513.jpg,real_00513.jpg,1,real
data/raw/real\real_00551.jpg,real_00551.jpg,1,real
data/raw/fake\mid_319_1111.jpg,mid_319_1111.jpg,0,fake
data/raw/real\real_00950.jpg,real_00950.jpg,1,real
data/raw/real\real_00700.jpg,real_00700.jpg,1,real
data/raw/real\real_00541.jpg,real_00541.jpg,1,real
data/raw/fake\hard_235_0001.jpg,hard_235_0001.jpg,0,fake
data/raw/fake\easy_85_1111.jpg,easy_85_1111.jpg,0,fake
data/raw/real\real_00171.jpg,real_00171.jpg,1,real
data/raw/fake\hard_71_1100.jpg,hard_71_1100.jpg,0,fake
data/raw/fake\hard_62_1010.jpg,hard_62_1010.jpg,0,fake
data/raw/real\real_01048.jpg,real_01048.jpg,1,real
data/raw/fake\hard_18_1111.jpg,hard_18_1111.jpg,0,fake
data/raw/fake\easy_80_0001.jpg,easy_80_0001.jpg,0,fake
data/raw/real\real_00232.jpg,real_00232.jpg,1,real
data/raw/real\real_00143.jpg,real_00143.jpg,1,real
data/raw/fake\mid_147_1110.jpg,mid_147_1110.jpg,0,fake
data/raw/real\real_00475.jpg,real_00475.jpg,1,real
data/raw/real\real_00030.jpg,real_00030.jpg,1,real
data/raw/real\real_00155.jpg,real_00155.jpg,1,real
data/raw/real\real_00803.jpg,real_00803.jpg,1,real
data/raw/real\real_00132.jpg,real_00132.jpg,1,real
data/raw/fake\hard_97_1001.jpg,hard_97_1001.jpg,0,fake
data/raw/real\real_00531.jpg,real_00531.jpg,1,real
data/raw/real\real_00918.jpg,real_00918.jpg,1,real
data/raw/real\real_00611.jpg,real_00611.jpg,1,real
data/raw/fake\mid_464_1111.jpg,mid_464_1111.jpg,0,fake
data/raw/real\real_00188.jpg,real_00188.jpg,1,real
data/raw/real\real_00003.jpg,real_00003.jpg,1,real
data/raw/fake\mid_33_1011.jpg,mid_33_1011.jpg,0,fake
data/raw/real\real_00673.jpg,real_00673.jpg,1,real
data/raw/real\real_00810.jpg,real_00810.jpg,1,real
data/raw/fake\hard_40_1111.jpg,hard_40_1111.jpg,0,fake
data/raw/fake\mid_339_1100.jpg,mid_339_1100.jpg,0,fake
data/raw/fake\mid_404_0011.jpg,mid_404_0011.jpg,0,fake
data/raw/fake\easy_158_0011.jpg,easy_158_0011.jpg,0,fake
data/raw/fake\mid_178_1111.jpg,mid_178_1111.jpg,0,fake
data/raw/real\real_00846.jpg,real_00846.jpg,1,real
data/raw/real\real_00705.jpg,real_00705.jpg,1,real
data/raw/fake\hard_175_1100.jpg,hard_175_1100.jpg,0,fake
data/raw/fake\easy_138_0101.jpg,easy_138_0101.jpg,0,fake
data/raw/real\real_00704.jpg,real_00704.jpg,1,real
data/raw/real\real_00807.jpg,real_00807.jpg,1,real
data/raw/real\real_00060.jpg,real_00060.jpg,1,real
data/raw/fake\mid_18_1111.jpg,mid_18_1111.jpg,0,fake
data/raw/real\real_01040.jpg,real_01040.jpg,1,real
data/raw/real\real_00153.jpg,real_00153.jpg,1,real
data/raw/fake\hard_2_1111.jpg,hard_2_1111.jpg,0,fake
data/raw/fake\easy_90_1111.jpg,easy_90_1111.jpg,0,fake
data/raw/real\real_00448.jpg,real_00448.jpg,1,real
data/raw/fake\mid_275_1100.jpg,mid_275_1100.jpg,0,fake
data/raw/real\real_01074.jpg,real_01074.jpg,1,real
data/raw/real\real_00251.jpg,real_00251.jpg,1,real
data/raw/real\real_00653.jpg,real_00653.jpg,1,real
data/raw/fake\mid_461_1100.jpg,mid_461_1100.jpg,0,fake
data/raw/real\real_00529.jpg,real_00529.jpg,1,real
data/raw/real\real_00276.jpg,real_00276.jpg,1,real
data/raw/fake\mid_6_1111.jpg,mid_6_1111.jpg,0,fake
data/raw/real\real_00274.jpg,real_00274.jpg,1,real
data/raw/real\real_01016.jpg,real_01016.jpg,1,real
data/raw/real\real_00990.jpg,real_00990.jpg,1,real
data/raw/real\real_00527.jpg,real_00527.jpg,1,real
data/raw/fake\hard_42_1111.jpg,hard_42_1111.jpg,0,fake
data/raw/real\real_00147.jpg,real_00147.jpg,1,real
data/raw/real\real_00522.jpg,real_00522.jpg,1,real
data/raw/real\real_00649.jpg,real_00649.jpg,1,real
data/raw/real\real_00333.jpg,real_00333.jpg,1,real
data/raw/real\real_00666.jpg,real_00666.jpg,1,real
data/raw/fake\easy_128_0111.jpg,easy_128_0111.jpg,0,fake
data/raw/real\real_00089.jpg,real_00089.jpg,1,real
data/raw/real\real_00692.jpg,real_00692.jpg,1,real
data/raw/fake\hard_38_1110.jpg,hard_38_1110.jpg,0,fake
data/raw/real\real_00347.jpg,real_00347.jpg,1,real
data/raw/real\real_00323.jpg,real_00323.jpg,1,real
data/raw/fake\easy_136_0111.jpg,easy_136_0111.jpg,0,fake
data/raw/fake\mid_405_0011.jpg,mid_405_0011.jpg,0,fake
data/raw/fake\mid_75_1111.jpg,mid_75_1111.jpg,0,fake
data/raw/real\real_01077.jpg,real_01077.jpg,1,real
data/raw/fake\easy_62_0001.jpg,easy_62_0001.jpg,0,fake
data/raw/real\real_00821.jpg,real_00821.jpg,1,real
data/raw/real\real_00707.jpg,real_00707.jpg,1,real
data/raw/real\real_00605.jpg,real_00605.jpg,1,real
data/raw/real\real_00200.jpg,real_00200.jpg,1,real
data/raw/real\real_00827.jpg,real_00827.jpg,1,real
data/raw/real\real_00651.jpg,real_00651.jpg,1,real
data/raw/real\real_00426.jpg,real_00426.jpg,1,real
data/raw/real\real_00800.jpg,real_00800.jpg,1,real
data/raw/real\real_00931.jpg,real_00931.jpg,1,real
data/raw/fake\mid_5_0011.jpg,mid_5_0011.jpg,0,fake
data/raw/fake\mid_133_1001.jpg,mid_133_1001.jpg,0,fake
data/raw/real\real_00903.jpg,real_00903.jpg,1,real
data/raw/real\real_00677.jpg,real_00677.jpg,1,real
data/raw/fake\hard_107_1111.jpg,hard_107_1111.jpg,0,fake
data/raw/fake\easy_194_1011.jpg,easy_194_1011.jpg,0,fake
data/raw/real\real_00121.jpg,real_00121.jpg,1,real
data/raw/real\real_00011.jpg,real_00011.jpg,1,real
data/raw/fake\mid_457_1100.jpg,mid_457_1100.jpg,0,fake
data/raw/fake\mid_177_1111.jpg,mid_177_1111.jpg,0,fake
data/raw/real\real_00618.jpg,real_00618.jpg,1,real
data/raw/real\real_00424.jpg,real_00424.jpg,1,real
data/raw/real\real_00989.jpg,real_00989.jpg,1,real
data/raw/real\real_00233.jpg,real_00233.jpg,1,real
data/raw/fake\hard_108_1111.jpg,hard_108_1111.jpg,0,fake
data/raw/real\real_00758.jpg,real_00758.jpg,1,real
data/raw/real\real_00176.jpg,real_00176.jpg,1,real
data/raw/fake\easy_208_1111.jpg,easy_208_1111.jpg,0,fake
data/raw/fake\mid_329_1110.jpg,mid_329_1110.jpg,0,fake
data/raw/real\real_00893.jpg,real_00893.jpg,1,real
data/raw/fake\mid_332_1111.jpg,mid_332_1111.jpg,0,fake
data/raw/fake\easy_41_0001.jpg,easy_41_0001.jpg,0,fake
data/raw/real\real_00785.jpg,real_00785.jpg,1,real
data/raw/real\real_01041.jpg,real_01041.jpg,1,real
data/raw/real\real_00342.jpg,real_00342.jpg,1,real
data/raw/fake\easy_145_1000.jpg,easy_145_1000.jpg,0,fake
data/raw/fake\mid_449_1111.jpg,mid_449_1111.jpg,0,fake
data/raw/fake\easy_202_0011.jpg,easy_202_0011.jpg,0,fake
data/raw/real\real_00574.jpg,real_00574.jpg,1,real
data/raw/fake\easy_186_1001.jpg,easy_186_1001.jpg,0,fake
data/raw/real\real_00753.jpg,real_00753.jpg,1,real
data/raw/real\real_00562.jpg,real_00562.jpg,1,real
data/raw/real\real_00006.jpg,real_00006.jpg,1,real
data/raw/fake\mid_386_1110.jpg,mid_386_1110.jpg,0,fake
data/raw/fake\easy_132_0110.jpg,easy_132_0110.jpg,0,fake
data/raw/real\real_00297.jpg,real_00297.jpg,1,real
data/raw/real\real_00809.jpg,real_00809.jpg,1,real
data/raw/real\real_00928.jpg,real_00928.jpg,1,real
data/raw/fake\mid_472_1101.jpg,mid_472_1101.jpg,0,fake
data/raw/fake\hard_7_1111.jpg,hard_7_1111.jpg,0,fake
data/raw/fake\mid_209_1111.jpg,mid_209_1111.jpg,0,fake
data/raw/fake\mid_195_1111.jpg,mid_195_1111.jpg,0,fake
data/raw/fake\mid_107_0010.jpg,mid_107_0010.jpg,0,fake
data/raw/real\real_00633.jpg,real_00633.jpg,1,real
data/raw/real\real_00981.jpg,real_00981.jpg,1,real
data/raw/fake\mid_259_1101.jpg,mid_259_1101.jpg,0,fake
data/raw/real\real_01065.jpg,real_01065.jpg,1,real
data/raw/fake\easy_156_0010.jpg,easy_156_0010.jpg,0,fake
data/raw/fake\mid_253_0101.jpg,mid_253_0101.jpg,0,fake
data/raw/real\real_00191.jpg,real_00191.jpg,1,real
data/raw/fake\mid_230_1110.jpg,mid_230_1110.jpg,0,fake
data/raw/real\real_00434.jpg,real_00434.jpg,1,real
data/raw/fake\mid_271_1111.jpg,mid_271_1111.jpg,0,fake
data/raw/fake\hard_151_0101.jpg,hard_151_0101.jpg,0,fake
data/raw/fake\mid_391_1110.jpg,mid_391_1110.jpg,0,fake
data/raw/real\real_00344.jpg,real_00344.jpg,1,real
data/raw/real\real_00163.jpg,real_00163.jpg,1,real
data/raw/real\real_00668.jpg,real_00668.jpg,1,real
data/raw/fake\easy_111_1101.jpg,easy_111_1101.jpg,0,fake
data/raw/real\real_00172.jpg,real_00172.jpg,1,real
data/raw/fake\mid_281_1111.jpg,mid_281_1111.jpg,0,fake
data/raw/real\real_00473.jpg,real_00473.jpg,1,real
data/raw/real\real_00278.jpg,real_00278.jpg,1,real
data/raw/fake\hard_55_0011.jpg,hard_55_0011.jpg,0,fake
data/raw/fake\hard_150_1000.jpg,hard_150_1000.jpg,0,fake
data/raw/real\real_00158.jpg,real_00158.jpg,1,real
data/raw/real\real_00915.jpg,real_00915.jpg,1,real
data/raw/real\real_00895.jpg,real_00895.jpg,1,real
data/raw/fake\mid_116_1111.jpg,mid_116_1111.jpg,0,fake
data/raw/real\real_00268.jpg,real_00268.jpg,1,real
data/raw/real\real_00997.jpg,real_00997.jpg,1,real
data/raw/fake\easy_183_1111.jpg,easy_183_1111.jpg,0,fake
data/raw/real\real_00960.jpg,real_00960.jpg,1,real
data/raw/real\real_00462.jpg,real_00462.jpg,1,real
data/raw/fake\mid_96_1111.jpg,mid_96_1111.jpg,0,fake
data/raw/real\real_00538.jpg,real_00538.jpg,1,real
data/raw/fake\mid_343_1111.jpg,mid_343_1111.jpg,0,fake
data/raw/fake\mid_420_1101.jpg,mid_420_1101.jpg,0,fake
data/raw/real\real_00474.jpg,real_00474.jpg,1,real
data/raw/fake\mid_181_0011.jpg,mid_181_0011.jpg,0,fake
data/raw/real\real_00545.jpg,real_00545.jpg,1,real
data/raw/real\real_00048.jpg,real_00048.jpg,1,real
data/raw/real\real_00710.jpg,real_00710.jpg,1,real
data/raw/real\real_01005.jpg,real_01005.jpg,1,real
data/raw/fake\hard_44_1111.jpg,hard_44_1111.jpg,0,fake
data/raw/fake\hard_141_0100.jpg,hard_141_0100.jpg,0,fake
data/raw/fake\hard_181_0001.jpg,hard_181_0001.jpg,0,fake
data/raw/fake\mid_231_1100.jpg,mid_231_1100.jpg,0,fake
data/raw/real\real_00418.jpg,real_00418.jpg,1,real
data/raw/real\real_00041.jpg,real_00041.jpg,1,real
data/raw/fake\mid_393_1101.jpg,mid_393_1101.jpg,0,fake
data/raw/real\real_00371.jpg,real_00371.jpg,1,real
data/raw/fake\mid_252_1101.jpg,mid_252_1101.jpg,0,fake
data/raw/real\real_00923.jpg,real_00923.jpg,1,real
data/raw/real\real_00519.jpg,real_00519.jpg,1,real
data/raw/fake\hard_157_1111.jpg,hard_157_1111.jpg,0,fake
data/raw/fake\mid_439_1000.jpg,mid_439_1000.jpg,0,fake
data/raw/real\real_00236.jpg,real_00236.jpg,1,real
data/raw/real\real_00364.jpg,real_00364.jpg,1,real
data/raw/fake\mid_292_1000.jpg,mid_292_1000.jpg,0,fake
data/raw/fake\hard_227_1100.jpg,hard_227_1100.jpg,0,fake
data/raw/real\real_00160.jpg,real_00160.jpg,1,real
data/raw/real\real_00308.jpg,real_00308.jpg,1,real
data/raw/fake\mid_143_1100.jpg,mid_143_1100.jpg,0,fake
data/raw/real\real_00745.jpg,real_00745.jpg,1,real
data/raw/fake\mid_74_1111.jpg,mid_74_1111.jpg,0,fake
data/raw/real\real_00230.jpg,real_00230.jpg,1,real
data/raw/real\real_00602.jpg,real_00602.jpg,1,real
data/raw/fake\hard_209_1011.jpg,hard_209_1011.jpg,0,fake
data/raw/fake\mid_287_0001.jpg,mid_287_0001.jpg,0,fake
data/raw/fake\easy_154_1100.jpg,easy_154_1100.jpg,0,fake
data/raw/real\real_00396.jpg,real_00396.jpg,1,real
data/raw/real\real_00406.jpg,real_00406.jpg,1,real
data/raw/fake\easy_161_1101.jpg,easy_161_1101.jpg,0,fake
data/raw/real\real_00266.jpg,real_00266.jpg,1,real
data/raw/real\real_00823.jpg,real_00823.jpg,1,real
data/raw/real\real_00286.jpg,real_00286.jpg,1,real
data/raw/fake\mid_413_1111.jpg,mid_413_1111.jpg,0,fake
data/raw/real\real_00511.jpg,real_00511.jpg,1,real
data/raw/fake\hard_8_1000.jpg,hard_8_1000.jpg,0,fake
data/raw/real\real_00996.jpg,real_00996.jpg,1,real
data/raw/fake\mid_347_0011.jpg,mid_347_0011.jpg,0,fake
data/raw/fake\mid_14_1101.jpg,mid_14_1101.jpg,0,fake
data/raw/real\real_00056.jpg,real_00056.jpg,1,real
data/raw/real\real_01050.jpg,real_01050.jpg,1,real
data/raw/fake\mid_370_1111.jpg,mid_370_1111.jpg,0,fake
data/raw/fake\easy_70_0011.jpg,easy_70_0011.jpg,0,fake
data/raw/fake\mid_349_1111.jpg,mid_349_1111.jpg,0,fake
data/raw/real\real_00458.jpg,real_00458.jpg,1,real
data/raw/real\real_00195.jpg,real_00195.jpg,1,real
data/raw/real\real_00007.jpg,real_00007.jpg,1,real
data/raw/real\real_00305.jpg,real_00305.jpg,1,real
data/raw/real\real_00399.jpg,real_00399.jpg,1,real
data/raw/real\real_00133.jpg,real_00133.jpg,1,real
data/raw/fake\mid_102_1100.jpg,mid_102_1100.jpg,0,fake
data/raw/real\real_00145.jpg,real_00145.jpg,1,real
data/raw/real\real_00199.jpg,real_00199.jpg,1,real
data/raw/real\real_00466.jpg,real_00466.jpg,1,real
data/raw/real\real_00901.jpg,real_00901.jpg,1,real
data/raw/fake\mid_110_1100.jpg,mid_110_1100.jpg,0,fake
data/raw/real\real_00217.jpg,real_00217.jpg,1,real
data/raw/real\real_00520.jpg,real_00520.jpg,1,real
data/raw/real\real_00102.jpg,real_00102.jpg,1,real
data/raw/fake\mid_368_0110.jpg,mid_368_0110.jpg,0,fake
data/raw/fake\easy_13_1010.jpg,easy_13_1010.jpg,0,fake
data/raw/real\real_00294.jpg,real_00294.jpg,1,real
data/raw/fake\mid_325_0011.jpg,mid_325_0011.jpg,0,fake
data/raw/real\real_01061.jpg,real_01061.jpg,1,real
data/raw/fake\mid_170_1111.jpg,mid_170_1111.jpg,0,fake
data/raw/fake\hard_218_0100.jpg,hard_218_0100.jpg,0,fake
data/raw/fake\mid_407_1111.jpg,mid_407_1111.jpg,0,fake
data/raw/fake\easy_33_0010.jpg,easy_33_0010.jpg,0,fake
data/raw/fake\easy_127_0001.jpg,easy_127_0001.jpg,0,fake
data/raw/real\real_01028.jpg,real_01028.jpg,1,real
data/raw/fake\easy_83_1110.jpg,easy_83_1110.jpg,0,fake
data/raw/fake\mid_158_1010.jpg,mid_158_1010.jpg,0,fake
data/raw/fake\hard_36_1101.jpg,hard_36_1101.jpg,0,fake
data/raw/fake\mid_321_1110.jpg,mid_321_1110.jpg,0,fake
data/raw/real\real_00084.jpg,real_00084.jpg,1,real
data/raw/real\real_00788.jpg,real_00788.jpg,1,real
data/raw/real\real_00674.jpg,real_00674.jpg,1,real
data/raw/fake\mid_374_0011.jpg,mid_374_0011.jpg,0,fake
data/raw/fake\mid_373_1111.jpg,mid_373_1111.jpg,0,fake
data/raw/fake\mid_94_1111.jpg,mid_94_1111.jpg,0,fake
data/raw/fake\mid_380_1111.jpg,mid_380_1111.jpg,0,fake
data/raw/real\real_00503.jpg,real_00503.jpg,1,real
data/raw/fake\mid_26_1101.jpg,mid_26_1101.jpg,0,fake
data/raw/real\real_00956.jpg,real_00956.jpg,1,real
data/raw/fake\easy_176_1000.jpg,easy_176_1000.jpg,0,fake
data/raw/real\real_00309.jpg,real_00309.jpg,1,real
data/raw/fake\mid_308_1111.jpg,mid_308_1111.jpg,0,fake
data/raw/fake\mid_98_1111.jpg,mid_98_1111.jpg,0,fake
data/raw/fake\mid_293_1101.jpg,mid_293_1101.jpg,0,fake
data/raw/fake\hard_105_1011.jpg,hard_105_1011.jpg,0,fake
data/raw/fake\mid_22_1101.jpg,mid_22_1101.jpg,0,fake
data/raw/fake\easy_52_1100.jpg,easy_52_1100.jpg,0,fake
data/raw/fake\mid_284_1110.jpg,mid_284_1110.jpg,0,fake
data/raw/fake\mid_480_1111.jpg,mid_480_1111.jpg,0,fake
data/raw/fake\hard_133_0001.jpg,hard_133_0001.jpg,0,fake
data/raw/fake\easy_101_0010.jpg,easy_101_0010.jpg,0,fake
data/raw/real\real_00397.jpg,real_00397.jpg,1,real
data/raw/real\real_00411.jpg,real_00411.jpg,1,real
data/raw/real\real_00480.jpg,real_00480.jpg,1,real
data/raw/real\real_00760.jpg,real_00760.jpg,1,real
data/raw/fake\easy_40_1111.jpg,easy_40_1111.jpg,0,fake
data/raw/real\real_00554.jpg,real_00554.jpg,1,real
data/raw/real\real_00726.jpg,real_00726.jpg,1,real
data/raw/real\real_01036.jpg,real_01036.jpg,1,real
data/raw/fake\hard_193_1111.jpg,hard_193_1111.jpg,0,fake
data/raw/fake\mid_168_1111.jpg,mid_168_1111.jpg,0,fake
data/raw/fake\easy_204_0101.jpg,easy_204_0101.jpg,0,fake
data/raw/real\real_01002.jpg,real_01002.jpg,1,real
data/raw/fake\hard_112_1111.jpg,hard_112_1111.jpg,0,fake
data/raw/real\real_00206.jpg,real_00206.jpg,1,real
data/raw/real\real_00936.jpg,real_00936.jpg,1,real
data/raw/fake\mid_285_1111.jpg,mid_285_1111.jpg,0,fake
data/raw/fake\easy_168_0010.jpg,easy_168_0010.jpg,0,fake
data/raw/fake\mid_37_1111.jpg,mid_37_1111.jpg,0,fake
data/raw/real\real_00211.jpg,real_00211.jpg,1,real
data/raw/fake\easy_191_0001.jpg,easy_191_0001.jpg,0,fake
data/raw/fake\mid_459_1001.jpg,mid_459_1001.jpg,0,fake
data/raw/real\real_00087.jpg,real_00087.jpg,1,real
data/raw/real\real_00435.jpg,real_00435.jpg,1,real
data/raw/fake\easy_235_1111.jpg,easy_235_1111.jpg,0,fake
data/raw/real\real_00586.jpg,real_00586.jpg,1,real
data/raw/fake\hard_33_1011.jpg,hard_33_1011.jpg,0,fake
data/raw/real\real_00889.jpg,real_00889.jpg,1,real
data/raw/fake\easy_114_1110.jpg,easy_114_1110.jpg,0,fake
data/raw/real\real_00146.jpg,real_00146.jpg,1,real
data/raw/real\real_01047.jpg,real_01047.jpg,1,real
data/raw/real\real_00921.jpg,real_00921.jpg,1,real
data/raw/real\real_00761.jpg,real_00761.jpg,1,real
data/raw/fake\easy_205_1110.jpg,easy_205_1110.jpg,0,fake
data/raw/real\real_00864.jpg,real_00864.jpg,1,real
data/raw/fake\easy_34_1100.jpg,easy_34_1100.jpg,0,fake
data/raw/real\real_00965.jpg,real_00965.jpg,1,real
data/raw/fake\easy_238_1111.jpg,easy_238_1111.jpg,0,fake
data/raw/real\real_00855.jpg,real_00855.jpg,1,real
data/raw/fake\mid_197_1110.jpg,mid_197_1110.jpg,0,fake
data/raw/fake\hard_149_0011.jpg,hard_149_0011.jpg,0,fake
data/raw/real\real_00292.jpg,real_00292.jpg,1,real
data/raw/real\real_00706.jpg,real_00706.jpg,1,real
data/raw/fake\easy_55_0011.jpg,easy_55_0011.jpg,0,fake
data/raw/real\real_00678.jpg,real_00678.jpg,1,real
data/raw/real\real_00780.jpg,real_00780.jpg,1,real
data/raw/real\real_00757.jpg,real_00757.jpg,1,real
data/raw/fake\mid_359_1101.jpg,mid_359_1101.jpg,0,fake
data/raw/real\real_00237.jpg,real_00237.jpg,1,real
data/raw/fake\mid_184_1101.jpg,mid_184_1101.jpg,0,fake
data/raw/real\real_00327.jpg,real_00327.jpg,1,real
data/raw/fake\hard_53_1100.jpg,hard_53_1100.jpg,0,fake
data/raw/real\real_00281.jpg,real_00281.jpg,1,real
data/raw/fake\easy_3_1100.jpg,easy_3_1100.jpg,0,fake
data/raw/real\real_01081.jpg,real_01081.jpg,1,real
data/raw/real\real_00643.jpg,real_00643.jpg,1,real
data/raw/real\real_00874.jpg,real_00874.jpg,1,real
data/raw/real\real_00175.jpg,real_00175.jpg,1,real
data/raw/real\real_00077.jpg,real_00077.jpg,1,real
data/raw/fake\mid_115_0011.jpg,mid_115_0011.jpg,0,fake
data/raw/fake\mid_298_0001.jpg,mid_298_0001.jpg,0,fake
data/raw/real\real_00370.jpg,real_00370.jpg,1,real
data/raw/fake\easy_130_1101.jpg,easy_130_1101.jpg,0,fake
data/raw/fake\mid_13_1111.jpg,mid_13_1111.jpg,0,fake
data/raw/fake\hard_165_1000.jpg,hard_165_1000.jpg,0,fake
data/raw/real\real_00027.jpg,real_00027.jpg,1,real
data/raw/fake\easy_28_1100.jpg,easy_28_1100.jpg,0,fake
data/raw/real\real_00265.jpg,real_00265.jpg,1,real
data/raw/fake\mid_324_1111.jpg,mid_324_1111.jpg,0,fake
data/raw/fake\easy_200_1110.jpg,easy_200_1110.jpg,0,fake
data/raw/real\real_00069.jpg,real_00069.jpg,1,real
data/raw/fake\hard_184_0011.jpg,hard_184_0011.jpg,0,fake
data/raw/real\real_00878.jpg,real_00878.jpg,1,real
data/raw/real\real_00477.jpg,real_00477.jpg,1,real
data/raw/fake\easy_179_0001.jpg,easy_179_0001.jpg,0,fake
data/raw/real\real_00699.jpg,real_00699.jpg,1,real
data/raw/fake\mid_55_1111.jpg,mid_55_1111.jpg,0,fake
data/raw/real\real_00900.jpg,real_00900.jpg,1,real
data/raw/real\real_00185.jpg,real_00185.jpg,1,real
data/raw/real\real_00228.jpg,real_00228.jpg,1,real
data/raw/real\real_00216.jpg,real_00216.jpg,1,real
data/raw/real\real_00075.jpg,real_00075.jpg,1,real
data/raw/real\real_00552.jpg,real_00552.jpg,1,real
data/raw/real\real_00502.jpg,real_00502.jpg,1,real
data/raw/fake\easy_231_1011.jpg,easy_231_1011.jpg,0,fake
data/raw/real\real_00117.jpg,real_00117.jpg,1,real
data/raw/real\real_00929.jpg,real_00929.jpg,1,real
data/raw/fake\easy_214_0011.jpg,easy_214_0011.jpg,0,fake
data/raw/real\real_00661.jpg,real_00661.jpg,1,real
data/raw/real\real_00079.jpg,real_00079.jpg,1,real
data/raw/fake\hard_126_0111.jpg,hard_126_0111.jpg,0,fake
data/raw/fake\easy_239_1110.jpg,easy_239_1110.jpg,0,fake
data/raw/fake\hard_180_0011.jpg,hard_180_0011.jpg,0,fake
data/raw/real\real_00310.jpg,real_00310.jpg,1,real
data/raw/fake\easy_216_1100.jpg,easy_216_1100.jpg,0,fake
data/raw/fake\mid_211_1100.jpg,mid_211_1100.jpg,0,fake
data/raw/fake\hard_199_0011.jpg,hard_199_0011.jpg,0,fake
data/raw/fake\easy_119_0011.jpg,easy_119_0011.jpg,0,fake
data/raw/fake\mid_466_1111.jpg,mid_466_1111.jpg,0,fake
data/raw/fake\mid_162_0011.jpg,mid_162_0011.jpg,0,fake
data/raw/real\real_00430.jpg,real_00430.jpg,1,real
data/raw/real\real_00571.jpg,real_00571.jpg,1,real
data/raw/fake\hard_119_1100.jpg,hard_119_1100.jpg,0,fake
data/raw/real\real_00972.jpg,real_00972.jpg,1,real
data/raw/fake\mid_342_1110.jpg,mid_342_1110.jpg,0,fake
data/raw/real\real_00129.jpg,real_00129.jpg,1,real
data/raw/fake\mid_114_1110.jpg,mid_114_1110.jpg,0,fake
data/raw/real\real_00373.jpg,real_00373.jpg,1,real
data/raw/real\real_00256.jpg,real_00256.jpg,1,real
data/raw/real\real_01080.jpg,real_01080.jpg,1,real
data/raw/fake\mid_403_1111.jpg,mid_403_1111.jpg,0,fake
data/raw/fake\hard_164_1000.jpg,hard_164_1000.jpg,0,fake
data/raw/fake\easy_185_1101.jpg,easy_185_1101.jpg,0,fake
data/raw/real\real_00924.jpg,real_00924.jpg,1,real
data/raw/real\real_00615.jpg,real_00615.jpg,1,real
data/raw/real\real_00067.jpg,real_00067.jpg,1,real
data/raw/real\real_00652.jpg,real_00652.jpg,1,real
data/raw/fake\mid_462_1101.jpg,mid_462_1101.jpg,0,fake
data/raw/real\real_00985.jpg,real_00985.jpg,1,real
data/raw/real\real_00913.jpg,real_00913.jpg,1,real
data/raw/real\real_00738.jpg,real_00738.jpg,1,real
data/raw/fake\mid_58_1100.jpg,mid_58_1100.jpg,0,fake
data/raw/fake\mid_395_1110.jpg,mid_395_1110.jpg,0,fake
data/raw/real\real_00416.jpg,real_00416.jpg,1,real
data/raw/real\real_00465.jpg,real_00465.jpg,1,real
data/raw/fake\mid_239_1011.jpg,mid_239_1011.jpg,0,fake
data/raw/fake\mid_34_1111.jpg,mid_34_1111.jpg,0,fake
data/raw/real\real_00459.jpg,real_00459.jpg,1,real
data/raw/fake\mid_475_1111.jpg,mid_475_1111.jpg,0,fake
data/raw/real\real_00532.jpg,real_00532.jpg,1,real
data/raw/fake\mid_443_0011.jpg,mid_443_0011.jpg,0,fake
data/raw/real\real_00250.jpg,real_00250.jpg,1,real
data/raw/real\real_00777.jpg,real_00777.jpg,1,real
data/raw/real\real_00392.jpg,real_00392.jpg,1,real
data/raw/fake\hard_139_1011.jpg,hard_139_1011.jpg,0,fake
data/raw/real\real_00644.jpg,real_00644.jpg,1,real
data/raw/real\real_00412.jpg,real_00412.jpg,1,real
data/raw/real\real_00404.jpg,real_00404.jpg,1,real
data/raw/real\real_00488.jpg,real_00488.jpg,1,real
data/raw/fake\mid_151_1100.jpg,mid_151_1100.jpg,0,fake
data/raw/real\real_00865.jpg,real_00865.jpg,1,real
data/raw/fake\easy_141_0111.jpg,easy_141_0111.jpg,0,fake
data/raw/real\real_00581.jpg,real_00581.jpg,1,real
data/raw/fake\mid_41_1111.jpg,mid_41_1111.jpg,0,fake
data/raw/real\real_00291.jpg,real_00291.jpg,1,real
data/raw/fake\easy_4_0011.jpg,easy_4_0011.jpg,0,fake
data/raw/fake\easy_53_0001.jpg,easy_53_0001.jpg,0,fake
data/raw/real\real_00222.jpg,real_00222.jpg,1,real
data/raw/real\real_00861.jpg,real_00861.jpg,1,real
data/raw/real\real_00135.jpg,real_00135.jpg,1,real
data/raw/fake\mid_81_1101.jpg,mid_81_1101.jpg,0,fake
data/raw/fake\hard_200_1111.jpg,hard_200_1111.jpg,0,fake
data/raw/real\real_00300.jpg,real_00300.jpg,1,real
data/raw/fake\mid_366_1111.jpg,mid_366_1111.jpg,0,fake
data/raw/fake\mid_351_0110.jpg,mid_351_0110.jpg,0,fake
data/raw/fake\easy_9_1010.jpg,easy_9_1010.jpg,0,fake
data/raw/real\real_01029.jpg,real_01029.jpg,1,real
data/raw/real\real_00348.jpg,real_00348.jpg,1,real
data/raw/fake\mid_165_0101.jpg,mid_165_0101.jpg,0,fake
data/raw/real\real_00269.jpg,real_00269.jpg,1,real
data/raw/fake\mid_144_1110.jpg,mid_144_1110.jpg,0,fake
data/raw/real\real_00321.jpg,real_00321.jpg,1,real
data/raw/fake\easy_125_0011.jpg,easy_125_0011.jpg,0,fake
data/raw/fake\mid_212_1111.jpg,mid_212_1111.jpg,0,fake
data/raw/fake\mid_408_1111.jpg,mid_408_1111.jpg,0,fake
data/raw/fake\mid_82_1111.jpg,mid_82_1111.jpg,0,fake
data/raw/real\real_00747.jpg,real_00747.jpg,1,real
data/raw/real\real_00317.jpg,real_00317.jpg,1,real
data/raw/real\real_00442.jpg,real_00442.jpg,1,real
data/raw/real\real_00911.jpg,real_00911.jpg,1,real
data/raw/fake\hard_48_0011.jpg,hard_48_0011.jpg,0,fake
data/raw/fake\easy_199_1100.jpg,easy_199_1100.jpg,0,fake
data/raw/fake\mid_296_1111.jpg,mid_296_1111.jpg,0,fake
data/raw/real\real_00485.jpg,real_00485.jpg,1,real
data/raw/real\real_00828.jpg,real_00828.jpg,1,real
data/raw/real\real_00159.jpg,real_00159.jpg,1,real
data/raw/real\real_00223.jpg,real_00223.jpg,1,real
data/raw/real\real_00575.jpg,real_00575.jpg,1,real
data/raw/real\real_00401.jpg,real_00401.jpg,1,real
data/raw/fake\easy_39_0011.jpg,easy_39_0011.jpg,0,fake
data/raw/fake\mid_189_0011.jpg,mid_189_0011.jpg,0,fake
data/raw/fake\easy_221_0111.jpg,easy_221_0111.jpg,0,fake
data/raw/real\real_00941.jpg,real_00941.jpg,1,real
data/raw/fake\mid_135_1110.jpg,mid_135_1110.jpg,0,fake
data/raw/real\real_00275.jpg,real_00275.jpg,1,real
data/raw/real\real_00671.jpg,real_00671.jpg,1,real
data/raw/real\real_00101.jpg,real_00101.jpg,1,real
data/raw/real\real_00696.jpg,real_00696.jpg,1,real
data/raw/fake\mid_365_1111.jpg,mid_365_1111.jpg,0,fake
data/raw/fake\mid_435_1111.jpg,mid_435_1111.jpg,0,fake
data/raw/fake\mid_61_1111.jpg,mid_61_1111.jpg,0,fake
data/raw/real\real_00592.jpg,real_00592.jpg,1,real
data/raw/real\real_00978.jpg,real_00978.jpg,1,real
data/raw/real\real_00883.jpg,real_00883.jpg,1,real
data/raw/fake\easy_175_0001.jpg,easy_175_0001.jpg,0,fake
data/raw/real\real_00047.jpg,real_00047.jpg,1,real
data/raw/fake\hard_196_1101.jpg,hard_196_1101.jpg,0,fake
data/raw/fake\mid_39_1111.jpg,mid_39_1111.jpg,0,fake
data/raw/real\real_00207.jpg,real_00207.jpg,1,real
data/raw/real\real_00561.jpg,real_00561.jpg,1,real
data/raw/fake\easy_98_0001.jpg,easy_98_0001.jpg,0,fake
data/raw/real\real_00282.jpg,real_00282.jpg,1,real
data/raw/real\real_00472.jpg,real_00472.jpg,1,real
data/raw/real\real_00962.jpg,real_00962.jpg,1,real
data/raw/fake\mid_414_0011.jpg,mid_414_0011.jpg,0,fake
data/raw/fake\hard_214_1011.jpg,hard_214_1011.jpg,0,fake
data/raw/fake\mid_469_1111.jpg,mid_469_1111.jpg,0,fake
data/raw/real\real_00179.jpg,real_00179.jpg,1,real
data/raw/real\real_00447.jpg,real_00447.jpg,1,real
data/raw/real\real_00313.jpg,real_00313.jpg,1,real
data/raw/fake\mid_223_1111.jpg,mid_223_1111.jpg,0,fake
data/raw/fake\mid_445_1111.jpg,mid_445_1111.jpg,0,fake
data/raw/fake\easy_86_0011.jpg,easy_86_0011.jpg,0,fake
data/raw/fake\mid_130_1111.jpg,mid_130_1111.jpg,0,fake
data/raw/fake\hard_167_0011.jpg,hard_167_0011.jpg,0,fake
